filename,mean_R,mean_G,mean_B,contrast_R,dissimilarity_R,homogeneity_R,energy_R,correlation_R,asm_R,entropy_R,contrast_G,dissimilarity_G,homogeneity_G,energy_G,correlation_G,asm_G,entropy_G,contrast_B,dissimilarity_B,homogeneity_B,energy_B,correlation_B,asm_B,entropy_B
last_three_41.jpg,165.51732664735246,180.96695879810417,217.22893799778734,0.21310384805640098,0.16183290817687185,0.9235461356464313,0.36732785142601976,0.9932152236400186,0.13494798088053525,15.773338693764405,0.19468130352095242,0.148251006867873,0.929832022660997,0.3783021790603917,0.9936423977369798,0.1431241304349901,15.240961014907892,0.35307835700224827,0.2704608212374123,0.8719073848323124,0.3870025317206661,0.9898685973865402,0.14993068624649664,15.072996241177044
last_three_44.jpg,109.92904005684177,96.46112033134852,125.32426439862009,0.46017042992071355,0.3487298159940463,0.8349528092475096,0.21586833940699027,0.9890887886589911,0.04662972365225437,20.569625203475525,0.4098560745822284,0.3328571878705918,0.8403080123338779,0.21864613690989274,0.9890643002548459,0.0478516810438421,19.555591072152268,0.7194084002976519,0.513966449683237,0.7619444943010374,0.207114481617504,0.9865346676104803,0.042942127360410955,20.93391143460582
