filename,mean_R,mean_G,mean_B,contrast_R,dissimilarity_R,homogeneity_R,energy_R,correlation_R,entropy_R,contrast_G,dissimilarity_G,homogeneity_G,energy_G,correlation_G,entropy_G,contrast_B,dissimilarity_B,homogeneity_B,energy_B,correlation_B,entropy_B
last_three_41.jpg,165.51732664735246,180.96695879810417,217.22893799778734,5.559574148965207,2.0080636746816225,0.3990343814679304,0.15218800398207746,1.7657154442288082e-16,2.060358466010473,5.590068665852046,2.005333083357433,0.4012752415271526,0.14688372622111712,0.0,2.080401690991388,5.365584051354198,1.9960068458510152,0.3923847878933901,0.17572123496459383,1.198234220550746e-16,1.9867057402637427
last_three_44.jpg,109.92904005684177,96.46112033134852,125.32426439862009,7.953254897583742,2.40426648949445,0.385133758581639,0.1063297150771516,7.87349868485948e-17,2.2706138271930874,7.915698278899611,2.393715292492881,0.38396098517897276,0.10555198016464368,0.0,2.274966414463648,7.725033072120572,2.3570987165259996,0.3829271051535609,0.10550008454462703,0.0,2.275212954086616
