filename,lbp_R_0,lbp_G_0,lbp_B_0,lbp_R_1,lbp_G_1,lbp_B_1,lbp_R_2,lbp_G_2,lbp_B_2,lbp_R_3,lbp_G_3,lbp_B_3,lbp_R_4,lbp_G_4,lbp_B_4,lbp_R_5,lbp_G_5,lbp_B_5,lbp_R_6,lbp_G_6,lbp_B_6,lbp_R_7,lbp_G_7,lbp_B_7,lbp_R_8,lbp_G_8,lbp_B_8,lbp_R_9,lbp_G_9,lbp_B_9
last_three_41.jpg,0.018329538248823166,0.018921630024482026,0.016103350464039906,0.04940952574003494,0.051141919331032584,0.03968953422466838,0.030246296839623474,0.030317853988634565,0.027733568798739172,0.11414705405512983,0.11387360352140886,0.09431070176432568,0.11232085078707495,0.10912945180678928,0.08788165345134473,0.20710920275425082,0.20758174173217164,0.1952952296501398,0.07763190217165303,0.08190008664772844,0.06895709382233002,0.06647665376331659,0.07229833895786192,0.08243707692536831,0.2541309138041142,0.23966452662172005,0.31968262285124993,0.07019806183597274,0.07517084736816436,0.06790916804778778
last_three_44.jpg,0.06355845066616189,0.06455304990660177,0.0640620118455496,0.08529462942774341,0.08508865708669804,0.08539382570719085,0.07144076499115896,0.07333999475347011,0.07739056442353194,0.10888686614895297,0.10968142505176959,0.11547270817047406,0.12180611049080994,0.12163573017029722,0.12490492316736933,0.11455720230899559,0.11552444842254465,0.1218018262661162,0.0899565250060279,0.09567596497217574,0.0967575669294732,0.07507213975272525,0.08154296681900661,0.08404132892695054,0.1287508387193685,0.10650483721923147,0.08836147519697256,0.1406764724880226,0.1464529255981718,0.14181376936633872
