filename,mean_R,mean_G,mean_B
kasbit_bellanaija_22.jpg,223.80804656185748,223.80804656185748,223.80804656185748
