filename,mean_R,mean_G,mean_B
kasbit_bellanaija_26.jpg,142.2320274599276,115.0650601146881,118.353040961835
kasbit_bellanaija_5.jpg,170.88056626449608,151.46008432872594,149.1060218559009
